id,name,category,brand,brand_logo,image,desc,origin,weight,cert,info
1,Super Ring,snack,Oriental,assets/logobrands/oriental.jpg,assets/images/products/oriental/super-ring60gr.png,Makanan ringan berbentuk cincin renyah dengan rasa keju yang gurih dan renyah.,Malaysia,60g,HALAL & BPOM,60g x 10 Bags x 6 Balls | 1 Carton = 30 Pcs | 0.1104 m³/Ctn
2,Super Ring Family Pack,snack,Oriental,assets/logobrands/oriental.jpg,assets/images/products/oriental/super-ring-family-pack14gr.png,Makanan ringan berbentuk cincin renyah dengan rasa keju yang gurih dan renyah.,Malaysia,14g,HALAL & BPOM,14g x 8 Bags x 6 Pack | 1 Carton = 30 Pack | 0.1474 m³/Ctn
3,Super Ring Cans,snack,Oriental,assets/logobrands/oriental.jpg,assets/images/products/oriental/super-ring-cans80gr.png,Makanan ringan berbentuk cincin renyah dengan rasa keju yang gurih dan renyah.,Malaysia,80g,HALAL & BPOM,80g x 12 Cans | 1 Carton = 30 Cans | 0.0275 m³/Ctn
4,Cheese Balls,snack,Oriental,assets/logobrands/oriental.jpg,assets/images/products/oriental/cheese-balls60gr.png,Makanan ringan berbentuk bola renyah dengan rasa keju yang gurih dan renyah.,Malaysia,60g,HALAL & BPOM,60g x 10 Bags x 6 Balls | 1 Carton = 30 Pcs | 0.1104 m³/Ctn
5,Cheese Balls Family Pack,snack,Oriental,assets/logobrands/oriental.jpg,assets/images/products/oriental/cheese-balls-family-pack14gr.png,Makanan ringan berbentuk bola renyah dengan rasa keju yang gurih dan renyah.,Malaysia,14g,HALAL & BPOM,14g x 8 Bags x 6 Pack | 1 Carton = 30 Pack | 0.1474 m³/Ctn
6,Cheese Balls Cans,snack,Oriental,assets/logobrands/oriental.jpg,assets/images/products/oriental/cheese-balls-cans80gr.png,Makanan ringan berbentuk bola renyah dengan rasa keju yang gurih dan renyah.,Malaysia,80g,HALAL & BPOM,80g x 12 Cans | 1 Carton = 30 Cans | 0.0275 m³/Ctn
7,Rota Prawn Crackers,snack,Oriental,assets/logobrands/oriental.jpg,assets/images/products/oriental/rota-prawn-crackers60gr.png,Makanan ringan rasa gurih renyah dengan rasa udang (prawn) dengan rasa seafood autentik,Malaysia,60g,HALAL & BPOM,60g x 10 Bags x 6 Balls | 1 Carton = 30 Pcs | 0.1104 m³/Ctn
8,Rota Prawn Family Pack,snack,Oriental,assets/logobrands/oriental.jpg,assets/images/products/oriental/rota-prawn-family-pack14gr.png,Makanan ringan rasa gurih renyah dengan rasa udang (prawn)  dengan rasa seafood autentik,Malaysia,14g,HALAL & BPOM,14g x 8 Bags x 6 Pack | 1 Carton = 30 Pack | 0.1474 m³/Ctn
9,Green Pea Snack,snack,Oriental,assets/logobrands/oriental.jpg,assets/images/products/oriental/green-pea-snack60gr.png,Makanan ringan berbahan dasar kacang polong rasa renyah dan gurih,Malaysia,60g,HALAL & BPOM,60g x 10 Bags x 6 Balls | 1 Carton = 30 Pcs | 0.1104 m³/Ctn
10,Green Pea Snack Family Pack,snack,Oriental,assets/logobrands/oriental.jpg,assets/images/products/oriental/green-pea-snack-family-pack14gr.png,Makanan ringan berbahan dasar kacang polong rasa renyah dan gurih,Malaysia,14g,HALAL & BPOM,14g x 8 Bags x 6 Pack | 1 Carton = 30 Pack | 0.1474 m³/Ctn
11,Chiken Ring,snack,Oriental,assets/logobrands/oriental.jpg,assets/images/products/oriental/chiken-ring60gr.png,Makanan ringan Berbentuk ring (cincin) dengan rasa ayam yang gurih dan renyah,Malaysia,60g,HALAL & BPOM,60g x 10 Bags x 6 Balls | 1 Carton = 30 Pcs | 0.1104 m³/Ctn
12,Rostik Chicken Curry,snack,Oriental,assets/logobrands/oriental.jpg,assets/images/products/oriental/rostik-chicken-curry60gr.png,Makanan ringan berbentuk stik dengan rasa kari ayam gurih dan renyah autentik,Malaysia,60g,HALAL & BPOM,60g x 10 Bags x 6 Balls | 1 Carton = 30 Pcs | 0.1104 m³/Ctn
13,Rostik Cuttlefish,snack,Oriental,assets/logobrands/oriental.jpg,assets/images/products/oriental/rostik-cuttlefish60gr.png,Makanan ringan berbentuk stik dengan rasa cumi dan renyah autentik,Malaysia,60g,HALAL & BPOM,60g x 10 Bags x 6 Balls | 1 Carton = 30 Pcs | 0.1104 m³/Ctn
14,Wafer Cube Coklat,wafer,Jacker,assets/logobrands/jacker.jpg,assets/images/products/jacker/wafer-cube-coklat80gr.png,Wafer kubus berlapis dengan krim coklat premium.,Malaysia,80g,HALAL & BPOM,80g x 30 Bags | 1 Carton = 30 Bags | 0.0376 m³/Ctn
15,Wafer Cube Hazelnut,wafer,Jacker,assets/logobrands/jacker.jpg,assets/images/products/jacker/wafer-cube-hazelnut80gr.png,Wafer kubus berlapis dengan krim hazelnut premium.,Malaysia,80g,HALAL & BPOM,80g x 30 Bags | 1 Carton = 30 Bags | 0.0376 m³/Ctn
16,Wafer Cube Tiramisu,wafer,Jacker,assets/logobrands/jacker.jpg,assets/images/products/jacker/wafer-cube-tiramisu80gr.png,Wafer kubus berlapis dengan krim tiramisu premium.,Malaysia,80g,HALAL & BPOM,80g x 30 Bags | 1 Carton = 30 Bags | 0.0376 m³/Ctn
17,Original Flavor Potato Crisps,snack,Jacker,assets/logobrands/jacker.jpg,assets/images/products/jacker/original-flavor-potato-crisps100gr.png,Keripik kentang dengan tekstur renyah dan kemasan tabung kokoh. Terbuat dari kentang pilihan. Dengan rasa original,Malaysia,100g,HALAL & BPOM,100g x 24 Cans | 1 Carton = 24 Cans | 0.0304 m³/Ctn
18,Barbecue Flavor Potato Crisps,snack,Jacker,assets/logobrands/jacker.jpg,assets/images/products/jacker/barbecue-flavor-potato-crisps100gr.png,Keripik kentang dengan tekstur renyah dan kemasan tabung kokoh. Terbuat dari kentang pilihan. Dengan rasa barbecue dan aroma bbq yang khas,Malaysia,100g,HALAL & BPOM,100g x 24 Cans | 1 Carton = 24 Cans | 0.0304 m³/Ctn
19,Hot & Spicy Flavor Potato Crisps,snack,Jacker,assets/logobrands/jacker.jpg,assets/images/products/jacker/hot-spicy-flavor-potato-crisps100gr.png,Keripik kentang dengan tekstur renyah dan kemasan tabung kokoh. Terbuat dari kentang pilihan. Dengan rasa  pedas hot & Spicy,Malaysia,100g,HALAL & BPOM,100g x 24 Cans | 1 Carton = 24 Cans | 0.0304 m³/Ctn
20,Cheese Flavor Potato Crisps,snack,Jacker,assets/logobrands/jacker.jpg,assets/images/products/jacker/cheese-flavor-potato-crisps100gr.png,Keripik kentang dengan tekstur renyah dan kemasan tabung kokoh. Terbuat dari kentang pilihan. Dengan rasa keju yang lezat,Malaysia,100g,HALAL & BPOM,100g x 24 Cans | 1 Carton = 24 Cans | 0.0304 m³/Ctn
21,Vegetable Flavor Potato Crisps,snack,Jacker,assets/logobrands/jacker.jpg,assets/images/products/jacker/vegetable-flavor-potato-crisps100gr.png,Keripik kentang dengan tekstur renyah dan kemasan tabung kokoh. Terbuat dari kentang pilihan. Dengan rasa sayuran,Malaysia,100g,HALAL & BPOM,100g x 24 Cans | 1 Carton = 24 Cans | 0.0304 m³/Ctn
22,Sour Cream & Onion Flavor Potato Crisps,snack,Jacker,assets/logobrands/jacker.jpg,assets/images/products/jacker/sour-cream-onion-flavor-potato-crisps100gr.png,Keripik kentang dengan tekstur renyah dan kemasan tabung kokoh. Terbuat dari kentang pilihan. Dengan rasa creamy. sedikit asam. dan gurih yang seimbang.,Malaysia,100g,HALAL & BPOM,100g x 24 Cans | 1 Carton = 24 Cans | 0.0304 m³/Ctn
23,Tomato Flavor Potato Crisps,snack,Jacker,assets/logobrands/jacker.jpg,assets/images/products/jacker/tomato-flavor-potato-crisps100gr.png,Keripik kentang dengan tekstur renyah dan kemasan tabung kokoh. Terbuat dari kentang pilihan. Dengan rasa  tomat,Malaysia,100g,HALAL & BPOM,100g x 24 Cans | 1 Carton = 24 Cans | 0.0304 m³/Ctn
24,Cheese Flavor Potato Crisps,snack,Jacker,assets/logobrands/jacker.jpg,assets/images/products/jacker/cheese-flavor-potato-crisps60gr.png,Keripik kentang dengan tekstur renyah dan kemasan tabung kokoh. Terbuat dari kentang pilihan. Dengan rasa keju yang lezat,Malaysia,60g,HALAL & BPOM,60g x 28 Cans | 1 Carton = 24 Cans | 0.0230 m³/Ctn
25,Barbecue Flavor Potato Crisps,snack,Jacker,assets/logobrands/jacker.jpg,assets/images/products/jacker/barbecue-flavor-potato-crisps60gr.png,Keripik kentang dengan tekstur renyah dan kemasan tabung kokoh. Terbuat dari kentang pilihan. Dengan rasa barbecue dan aroma bbq yang khas,Malaysia,60g,HALAL & BPOM,60g x 28 Cans | 1 Carton = 24 Cans | 0.0230 m³/Ctn
26,Hot & Spicy Flavor Potato Crisps,snack,Jacker,assets/logobrands/jacker.jpg,assets/images/products/jacker/hot-spicy-flavor-potato-crisps60gr.png,Keripik kentang dengan tekstur renyah dan kemasan tabung kokoh. Terbuat dari kentang pilihan. Dengan rasa  pedas hot & Spicy,Malaysia,60g,HALAL & BPOM,60g x 28 Cans | 1 Carton = 24 Cans | 0.0230 m³/Ctn
27,Sour Cream & Onion Flavor Potato Crisps,snack,Jacker,assets/logobrands/jacker.jpg,assets/images/products/jacker/sour-cream-onion-flavor-potato-crisps60gr.png,Keripik kentang dengan tekstur renyah dan kemasan tabung kokoh. Terbuat dari kentang pilihan. Dengan rasa creamy. sedikit asam. dan gurih yang seimbang.,Malaysia,60g,HALAL & BPOM,60g x 28 Cans | 1 Carton = 24 Cans | 0.0230 m³/Ctn
28,Original Flavor Potato Crisps,snack,Jacker,assets/logobrands/jacker.jpg,assets/images/products/jacker/original-flavor-potato-crisps60gr.png,Keripik kentang dengan tekstur renyah dan kemasan tabung kokoh. Terbuat dari kentang pilihan. Dengan rasa original,Malaysia,60g,HALAL & BPOM,60g x 28 Cans | 1 Carton = 24 Cans | 0.0230 m³/Ctn
29,Wavy Mexican Hot Sauce,snack,Jacker,assets/logobrands/jacker.jpg,assets/images/products/jacker/wavy-mexican-hot-sauce60gr.png,Keripik kentang dengan bentuk texture bergelombang renyah rasa saus mexician autentik,Malaysia,60g,HALAL & BPOM,60g x 12 Bags x 3 Balls | 1 Carton = 36 Bags | 0.9633 m³/Ctn
30,Wavy Mexican Hot Sauce Potato Crisps,snack,Jacker,assets/logobrands/jacker.jpg,assets/images/products/jacker/wavy-mexican-hot-sauce-potato-crisps60gr.png,Keripik kentang dengan bentuk texture bergelombang renyah rasa saus mexician autentik,Malaysia,60g,HALAL & BPOM,110g x 14 Cans | 1 Carton = 14 cans | 0.02823 m³/Ctn
31,Hot & Spicy Flavor Potato Crisps,snack,Jacker,assets/logobrands/jacker.jpg,assets/images/products/jacker/hot-spicy-flavor-potato-crisps60gr.png,Keripik kentang dengan tekstur renyah. Terbuat dari kentang pilihan rasa pedas Hot & Spicy,Malaysia,60g,HALAL & BPOM,60g x 12 Bags x 3 Balls | 1 Carton = 36 Bags | 0.9646 m³/Ctn
32,Barbecue Flavor Potato Crisps,snack,Jacker,assets/logobrands/jacker.jpg,assets/images/products/jacker/barbecue-flavor-potato-crisps60gr.png,Keripik kentang dengan tekstur renyah. Terbuat dari kentang pilihan rasa barbecue,Malaysia,60g,HALAL & BPOM,60g x 12 Bags x 3 Balls | 1 Carton = 36 Bags | 0.9646 m³/Ctn
33,Natural Flavor Potato Crisps,snack,Jacker,assets/logobrands/jacker.jpg,assets/images/products/jacker/natural-flavor-potato-crisps60gr.png,Keripik kentang dengan tekstur renyah. Terbuat dari kentang pilihan rasa kentang natural,Malaysia,60g,HALAL & BPOM,60g x 12 Bags x 3 Balls | 1 Carton = 36 Bags | 0.9646 m³/Ctn
34,Spicy Mala Hot Pot Flavor Potato Crisps,snack,Jacker,assets/logobrands/jacker.jpg,assets/images/products/jacker/spicy-mala-hot-pot-flavor-potato-crisps60gr.png,Keripik kentang dengan tekstur renyah. Terbuat dari kentang pilihan rasa bumbu pedas mala dan hot pot,Malaysia,60g,HALAL & BPOM,60g x 12 Bags x 3 Balls | 1 Carton = 36 Bags | 0.9646 m³/Ctn
35,Sadwich Cracker Chocolate,biskuit,Zees,assets/logobrands/zess.jpg,assets/images/products/zees/sadwich-cracker-chocolate180gr.png,biskuit belapis dengan isi krim coklat tebal rasa yang premium perpaduan renyah. manis. lezat dengan aroma coklat,Malaysia,180g,HALAL & BPOM,180g x 24 Bags| 1 Carton = 24 Bags | 0.0635 m³/Ctn
36,Sadwich Cracker Lemon,biskuit,Zees,assets/logobrands/zess.jpg,assets/images/products/zees/sadwich-cracker-lemon180gr.png,biskuit belapis dengan isi krim lemon tebal rasa yang premium perpaduan renyah. manis. lezat dengan aroma lemon fresh,Malaysia,180g,HALAL & BPOM,180g x 24 Bags| 1 Carton = 24 Bags | 0.0635 m³/Ctn
37,Sadwich Cracker Cheese,biskuit,Zees,assets/logobrands/zess.jpg,assets/images/products/zees/sadwich-cracker-cheese180gr.png,biskuit belapis dengan isi krim keju tebal rasa yang premium perpaduan renyah. lezat rasa khas keju,Malaysia,180g,HALAL & BPOM,180g x 24 Bags| 1 Carton = 24 Bags | 0.0635 m³/Ctn
38,Sadwich Cracker Chocolate,biskuit,Zees,assets/logobrands/zess.jpg,assets/images/products/zees/sadwich-cracker-chocolate90gr.png,biskuit belapis dengan isi krim coklat tebal rasa yang premium perpaduan renyah. manis. lezat dengan aroma coklat,Malaysia,90g,HALAL & BPOM,90g x 24 Bags| 1 Carton = 24 Bags | 0.0278 m³/Ctn
39,Sadwich Cracker Lemon,biskuit,Zees,assets/logobrands/zess.jpg,assets/images/products/zees/sadwich-cracker-lemon90gr.png,biskuit belapis dengan isi krim lemon tebal rasa yang premium perpaduan renyah. manis. lezat dengan aroma lemon fresh,Malaysia,90g,HALAL & BPOM,90g x 24 Bags| 1 Carton = 24 Bags | 0.0278 m³/Ctn
40,Sadwich Cracker Cheese,biskuit,Zees,assets/logobrands/zess.jpg,assets/images/products/zees/sadwich-cracker-cheese90gr.png,biskuit belapis dengan isi krim keju tebal rasa yang premium perpaduan renyah. lezat rasa khas keju,Malaysia,90g,HALAL & BPOM,90g x 24 Bags| 1 Carton = 24 Bags | 0.0278 m³/Ctn
41,Sadwich Cracker Chocolate,biskuit,Zees,assets/logobrands/zess.jpg,assets/images/products/zees/sadwich-cracker-chocolate54gr.png,biskuit belapis dengan isi krim coklat tebal rasa yang premium perpaduan renyah. manis. lezat dengan aroma coklat,Malaysia,54g,HALAL & BPOM,54g x 24 Bags| 1 Carton = 24 Bags | 0.0301655 m³/Ctn
42,Sadwich Cracker Lemon,biskuit,Zees,assets/logobrands/zess.jpg,assets/images/products/zees/sadwich-cracker-lemon54gr.png,biskuit belapis dengan isi krim lemon tebal rasa yang premium perpaduan renyah. manis. lezat dengan aroma lemon fresh,Malaysia,54g,HALAL & BPOM,54g x 24 Bags| 1 Carton = 24 Bags | 0.0301655 m³/Ctn
43,Sadwich Cracker Cheese,biskuit,Zees,assets/logobrands/zess.jpg,assets/images/products/zees/sadwich-cracker-cheese54gr.png,biskuit belapis dengan isi krim keju tebal rasa yang premium perpaduan renyah. lezat rasa khas keju,Malaysia,54g,HALAL & BPOM,54g x 24 Bags| 1 Carton = 24 Bags | 0.0301655 m³/Ctn
44,Original Cream Crackers,biskuit,Zees,assets/logobrands/zess.jpg,assets/images/products/zees/original-cream-crackers184gr.png,biskuit kraker rasa krim,Malaysia,184g,HALAL & BPOM,184g x 24 Bags | 1 Carton = 24 Bags | 0.0515 m³/Ctn
45,Original Cream Crackers,biskuit,Zees,assets/logobrands/zess.jpg,assets/images/products/zees/original-cream-crackers380gr.png,biskuit kraker rasa krim,Malaysia,380g,HALAL & BPOM,380g x 24 Bags | 1 Carton = 24 Bags | 0.0227 m³/Ctn
46,Sugar Cream Cracker,biskuit,Zees,assets/logobrands/zess.jpg,assets/images/products/zees/sugar-cream-cracker192gr.png,biskuit kraker dengan bertabur gula,Malaysia,192g,HALAL & BPOM,192g x 24 Bags | 1 Carton = 24 Bags | 0.0515 m³/Ctn
47,Cracker Sandwich Cheese,biskuit,Zees,assets/logobrands/zess.jpg,assets/images/products/zees/cracker-sandwich-cheese229.5gr.png,Biskuit Kraker dengan isi krim keju tebal dengan rasa lezat,Malaysia,229.5g,HALAL & BPOM,229.5g x 12 Bags | 1 Carton = 12 Bags | 0.024794 m³/Ctn
48,Cracker Sandwich Peanut Butter,biskuit,Zees,assets/logobrands/zess.jpg,assets/images/products/zees/cracker-sandwich-peanut-butter229.5gr.png,Biskuit Kraker dengan isi krim keju tebal dengan rasa lezat,Malaysia,229.5g,HALAL & BPOM,229.5g x 12 Bags | 1 Carton = 12 Bags | 0.024794 m³/Ctn
49,Assorted Biscuit,biskuit,Zees,assets/logobrands/zess.jpg,assets/images/products/zees/assorted-biscuit451.5gr.png,Biskuit Assorted dengan banyak beraneka varian yang kaya rasa,Malaysia,451.5g,HALAL & BPOM,451.5g x 12 Bags | 1 Carton = 12 Bags | 0.050908 m³/Ctn
50,Choco Chips Cookie Hazalnut,biskuit,Zees,assets/logobrands/zess.jpg,assets/images/products/zees/choco-chips-cookie-hazalnut150gr.png,Kokies coklat chips dengan rasa hazalnut,Malaysia,150g,HALAL & BPOM,150g x 24 Bags | 1 Carton = 24 Bags | 0.0283 m³/Ctn
51,Choco Chips Cookie Coklat,biskuit,Zees,assets/logobrands/zess.jpg,assets/images/products/zees/choco-chips-cookie-coklat150gr.png,Kokies coklat chips dengan rasa coklat,Malaysia,150g,HALAL & BPOM,150g x 24 Bags | 1 Carton = 24 Bags | 0.0283 m³/Ctn
52,Chocolate Biscuit,biskuit,Zees,assets/logobrands/zess.jpg,assets/images/products/zees/chocolate-biscuit148gr.png,Coklat Biskuit dengan rasa coklat,Malaysia,148g,HALAL & BPOM,148g x 24 Bags | 1 Carton = 24 Bags | 0.06693 m³/Ctn
53,Chocolate Sandwich Biscuit Chocolate,biskuit,Zees,assets/logobrands/zess.jpg,assets/images/products/zees/chocolate-sandwich-biscuit-chocolate264gr.png,Coklat Biskuit dengan krim rasa vanila,Malaysia,264.gr,HALAL & BPOM,150g x 24 Bags | 1 Carton = 24 Bags | 0.02234925 m³/Ctn
54,Chocolate Sandwich Biscuit Vanilla,biskuit,Zees,assets/logobrands/zess.jpg,assets/images/products/zees/chocolate-sandwich-biscuit-vanilla264gr.png,Coklat Biskuit krim dengan rasa coklat,Malaysia,264.gr,HALAL & BPOM,150g x 24 Bags | 1 Carton = 24 Bags | 0.02234925 m³/Ctn
55,Butter Cookies,biskuit,Zees,assets/logobrands/zess.jpg,assets/images/products/zees/butter-cookies115gr.png,Biskuit Butter dengan DANISH RECIPE,Malaysia,115g,HALAL & BPOM,115g x 24 Bags | 1 Carton = 24 Bags | 0.437 m³/Ctn
56,Super Ring Cheese Cracker,biskuit,Zees,assets/logobrands/zess.jpg,assets/images/products/zees/super-ring-cheese-cracker75gr.png,Kraker keju berbentuk segitiga rasa keju dengan proses di panggang tidak di goreng,Malaysia,75g,HALAL & BPOM,75g x 30 Bags | 1 Carton = 30 Bags | 0.40 m³/Ctn
57,Savory Crackers Original,biskuit,Zees,assets/logobrands/zess.jpg,assets/images/products/zees/savory-crackers-original75gr.png,Kraker berbentuk segitiga rasa original dengan proses di panggang tidak di goreng,Malaysia,75g,HALAL & BPOM,75g x 30 Bags | 1 Carton = 30 Bags | 0.40 m³/Ctn
58,Layer Cake Chocolate,kue,Fudo,assets/logobrands/fudo.jpg,assets/images/products/fudo/layer-cake-chocolate14gr.png,Layer cake lembut berlapis rasa krim coklat tebal,Malaysia,14g,HALAL & BPOM,14g x 24 Pcs | 1 Carton = 12 Boxes | 0.0510223 m³/Ctn
59,Layer Cake Banana,kue,Fudo,assets/logobrands/fudo.jpg,assets/images/products/fudo/layer-cake-banana14gr.png,Layer cake lembut berlapis rasa krim pisang tebal,Malaysia,14g,HALAL & BPOM,14g x 24 Pcs | 1 Carton = 12 Boxes | 0.0510223 m³/Ctn
60,Layer Cake Pandan,kue,Fudo,assets/logobrands/fudo.jpg,assets/images/products/fudo/layer-cake-pandan14gr.png,Layer cake lembut berlapis rasa krim pandan tebal,Malaysia,14g,HALAL & BPOM,14g x 24 Pcs | 1 Carton = 12 Boxes | 0.0510223 m³/Ctn
61,Layer Cake Strawberry,kue,Fudo,assets/logobrands/fudo.jpg,assets/images/products/fudo/layer-cake-strawberry14gr.png,Layer cake lembut berlapis rasa krim stoberi tebal,Malaysia,14g,HALAL & BPOM,14g x 24 Pcs | 1 Carton = 12 Boxes | 0.0510223 m³/Ctn
62,Layer Cake Butter,kue,Fudo,assets/logobrands/fudo.jpg,assets/images/products/fudo/layer-cake-butter14gr.png,Layer cake lembut berlapis rasa krim butter tebal,Malaysia,14g,HALAL & BPOM,14g x 24 Pcs | 1 Carton = 12 Boxes | 0.0510223 m³/Ctn
63,Swissroll Chocolate,kue,Fudo,assets/logobrands/fudo.jpg,assets/images/products/fudo/swissroll-chocolate18gr.png,Roll cake lembut berlapis rasa coklat,Malaysia,18g,HALAL & BPOM,18g x 24 Pcs | 1 Carton = 12 Boxes | 0.0502 m³/Ctn
64,Swissroll Pandan,kue,Fudo,assets/logobrands/fudo.jpg,assets/images/products/fudo/swissroll-pandan18gr.png,Roll cake lembut berlapis rasa pandan,Malaysia,18g,HALAL & BPOM,18g x 24 Pcs | 1 Carton = 12 Boxes | 0.0502 m³/Ctn
65,Swissroll Strawberry,kue,Fudo,assets/logobrands/fudo.jpg,assets/images/products/fudo/swissroll-strawberry18gr.png,Roll cake lembut berlapis rasa stoberi,Malaysia,18g,HALAL & BPOM,18g x 24 Pcs | 1 Carton = 12 Boxes | 0.0502 m³/Ctn
66,Swissroll Tiramisu,kue,Fudo,assets/logobrands/fudo.jpg,assets/images/products/fudo/swissroll-tiramisu18gr.png,Roll cake lembut berlapis rasa tiramisu,Malaysia,18g,HALAL & BPOM,18g x 24 Pcs | 1 Carton = 12 Boxes | 0.0502 m³/Ctn
67,Swissroll Butter,kue,Fudo,assets/logobrands/fudo.jpg,assets/images/products/fudo/swissroll-butter18gr.png,Roll cake lembut berlapis rasa butter,Malaysia,18g,HALAL & BPOM,18g x 24 Pcs | 1 Carton = 12 Boxes | 0.0502 m³/Ctn
68,Baked Potato Crisp BBQ,snack,Win2,assets/logobrands/win2.jpg,assets/images/products/win2/baked-potato-crisp-bbq120gr.png,-,Malaysia,120g,HALAL & BPOM,120g x 36 Pcs | 1 Carton = 36 Boxes | 0.4 m³/Ctn
69,Baked Potato Crisp Vegetable,snack,Win2,assets/logobrands/win2.jpg,assets/images/products/win2/baked-potato-crisp-vegetable120gr.png,-,Malaysia,120g,HALAL & BPOM,120g x 36 Pcs | 1 Carton = 36 Boxes | 0.4 m³/Ctn
70,Baked Potato Crisp Sour Cream,snack,Win2,assets/logobrands/win2.jpg,assets/images/products/win2/baked-potato-crisp-sour-cream120gr.png,-,Malaysia,120g,HALAL & BPOM,120g x 36 Pcs | 1 Carton = 36 Boxes | 0.4 m³/Ctn
71,Baked Potato Crisp Himalayan Salt,snack,Win2,assets/logobrands/win2.jpg,assets/images/products/win2/baked-potato-crisp-himalayan-salt120gr.png,-,Malaysia,120g,HALAL & BPOM,120g x 36 Pcs | 1 Carton = 36 Boxes | 0.4 m³/Ctn
72,Baked Potato Crisp Tomato,snack,Win2,assets/logobrands/win2.jpg,assets/images/products/win2/baked-potato-crisp-tomato120gr.png,-,Malaysia,120g,HALAL & BPOM,120g x 36 Pcs | 1 Carton = 36 Boxes | 0.4 m³/Ctn
73,Baked Potato Crisp Seafood,snack,Win2,assets/logobrands/win2.jpg,assets/images/products/win2/baked-potato-crisp-seafood120gr.png,-,Malaysia,120g,HALAL & BPOM,120g x 36 Pcs | 1 Carton = 36 Boxes | 0.4 m³/Ctn
74,Baked Sweet Potato Crisp,snack,Win2,assets/logobrands/win2.jpg,assets/images/products/win2/baked-sweet-potato-crisp120gr.png,-,Malaysia,120g,HALAL & BPOM,120g x 36 Pcs | 1 Carton = 36 Boxes | 0.4 m³/Ctn
75,Baked Potato Crisp Coffee,snack,Win2,assets/logobrands/win2.jpg,assets/images/products/win2/baked-potato-crisp-coffee120gr.png,-,Malaysia,120g,HALAL & BPOM,120g x 36 Pcs | 1 Carton = 36 Boxes | 0.4 m³/Ctn
76,Baked Potato Crisp Sweet Corn,snack,Win2,assets/logobrands/win2.jpg,assets/images/products/win2/baked-potato-crisp-sweet-corn120gr.png,-,Malaysia,120g,HALAL & BPOM,120g x 36 Pcs | 1 Carton = 36 Boxes | 0.4 m³/Ctn
77,Baked Potato Crisp BBQ,snack,Win2,assets/logobrands/win2.jpg,assets/images/products/win2/baked-potato-crisp-bbq75gr.png,-,Malaysia,75g,HALAL & BPOM,75g x 36 Pcs | Bags = 36 Boxes | 0.4 m³/Ctn
78,Baked Potato Crisp Vegetable,snack,Win2,assets/logobrands/win2.jpg,assets/images/products/win2/baked-potato-crisp-vegetable75gr.png,-,Malaysia,75g,HALAL & BPOM,75g x 36 Pcs | Bags = 36 Boxes | 0.4 m³/Ctn
79,Baked Potato Crisp Sour Cream,snack,Win2,assets/logobrands/win2.jpg,assets/images/products/win2/baked-potato-crisp-sour-cream75gr.png,-,Malaysia,75g,HALAL & BPOM,75g x 36 Pcs | Bags = 36 Boxes | 0.4 m³/Ctn
80,Baked Potato Crisp Himalayan Salt,snack,Win2,assets/logobrands/win2.jpg,assets/images/products/win2/baked-potato-crisp-himalayan-salt75gr.png,-,Malaysia,75g,HALAL & BPOM,75g x 36 Pcs | Bags = 36 Boxes | 0.4 m³/Ctn
81,Baked Potato Crisp Tomato,snack,Win2,assets/logobrands/win2.jpg,assets/images/products/win2/baked-potato-crisp-tomato75gr.png,-,Malaysia,75g,HALAL & BPOM,75g x 36 Pcs | Bags = 36 Boxes | 0.4 m³/Ctn
82,Baked Potato Crisp Seafood,snack,Win2,assets/logobrands/win2.jpg,assets/images/products/win2/baked-potato-crisp-seafood75gr.png,-,Malaysia,75g,HALAL & BPOM,75g x 36 Pcs | Bags = 36 Boxes | 0.4 m³/Ctn
83,Baked Sweet Potato Crisp,snack,Win2,assets/logobrands/win2.jpg,assets/images/products/win2/baked-sweet-potato-crisp75gr.png,-,Malaysia,75g,HALAL & BPOM,75g x 36 Pcs | Bags = 36 Boxes | 0.4 m³/Ctn
84,Baked Potato Crisp Coffee,snack,Win2,assets/logobrands/win2.jpg,assets/images/products/win2/baked-potato-crisp-coffee75gr.png,-,Malaysia,75g,HALAL & BPOM,75g x 36 Pcs | Bags = 36 Boxes | 0.4 m³/Ctn
85,Baked Potato Crisp Sweet Corn,snack,Win2,assets/logobrands/win2.jpg,assets/images/products/win2/baked-potato-crisp-sweet-corn75gr.png,-,Malaysia,75g,HALAL & BPOM,75g x 36 Pcs | Bags = 36 Boxes | 0.4 m³/Ctn
86,Cheese Bread,snack,Win2,assets/logobrands/win2.jpg,assets/images/products/win2/cheese-bread65gr.png,-,Malaysia,65g,HALAL & BPOM,65g x 24 Bags | 1 Carton = 24 Bags | 0.043 m³/Ctn
87,Garlic Bread,snack,Win2,assets/logobrands/win2.jpg,assets/images/products/win2/garlic-bread65gr.png,-,Malaysia,65g,HALAL & BPOM,65g x 24 Bags | 1 Carton = 24 Bags | 0.043 m³/Ctn
88,KOLA KIDS WITH CHEESE,snack,Win2,assets/logobrands/win2.jpg,assets/images/products/win2/kola-kids-with-cheese24gr.png,-,Malaysia,24g,HALAL & BPOM,24g x 4 Pcs x 36 Bags | 1 Carton = 36 Bags | 0.0062 m³/Ctn
89,KOLA KIDS WITH CHOCOLATE,snack,Win2,assets/logobrands/win2.jpg,assets/images/products/win2/kola-kids-with-chocolate24gr.png,-,Malaysia,24g,HALAL & BPOM,24g x 4 Pcs x 36 Bags | 1 Carton = 36 Bags | 0.0062 m³/Ctn
90,KOLA KIDS WITH MILK,snack,Win2,assets/logobrands/win2.jpg,assets/images/products/win2/kola-kids-with-milk24gr.png,-,Malaysia,24g,HALAL & BPOM,24g x 4 Pcs x 36 Bags | 1 Carton = 36 Bags | 0.0062 m³/Ctn
91,KOLA KIDS WITH STRAWBERRY,snack,Win2,assets/logobrands/win2.jpg,assets/images/products/win2/kola-kids-with-strawberry24gr.png,-,Malaysia,24g,HALAL & BPOM,24g x 4 Pcs x 36 Bags | 1 Carton = 36 Bags | 0.0062 m³/Ctn
92,Kokopie Choco Coated Cake with Vanilla,kue,Win2,assets/logobrands/win2.jpg,assets/images/products/win2/kokopie-choco-coated-cake-with-vanilla20gr.png,-,Malaysia,20g,HALAL & BPOM,20g x 10 Pcs x 18 Bags | 0.050 m³/Ctn
93,Bake Story Mini Muffin Cake Original,kue,Win2,assets/logobrands/win2.jpg,assets/images/products/win2/bake-story-mini-muffin-cake-original20gr.png,-,Malaysia,20g,HALAL & BPOM,20g x 10 Pcs x 18 Bags | 0.050 m³/Ctn
94,Bake Story Muffin Cake Pandan,kue,Win2,assets/logobrands/win2.jpg,assets/images/products/win2/bake-story-muffin-cake-pandan20gr.png,-,Malaysia,20g,HALAL & BPOM,20g x 10 Pcs x 18 Bags | 0.050 m³/Ctn
95,Joystix Chocolate Flavor Bags,snack,Win2,assets/logobrands/win2.jpg,assets/images/products/win2/joystix-chocolate-flavor-bags20gr.png,-,Malaysia,20g,HALAL & BPOM,20g x 8 Pcs x 6 Bags x 4 Boxes | 160g | 0.034 m³/Ctn
96,Joystix with Vanila Flavor Bags,snack,Win2,assets/logobrands/win2.jpg,assets/images/products/win2/joystix-with-vanila-flavor-bags20gr.png,-,Malaysia,20g,HALAL & BPOM,20g x 8 Pcs x 6 Bags x 4 Boxes | 160g | 0.034 m³/Ctn
97,Joystix Chocolate & Strawberry Flavor Box,snack,Win2,assets/logobrands/win2.jpg,assets/images/products/win2/joystix-chocolate-strawberry-flavor-box20gr.png,-,Malaysia,20g,HALAL & BPOM,20g x 8 Pcs x 6 Bags x 4 Boxes | 160g | 0.034 m³/Ctn
98,Joystix Chocolate & Vanilla Flavor Box,snack,Win2,assets/logobrands/win2.jpg,assets/images/products/win2/joystix-chocolate-vanilla-flavor-box20gr.png,-,Malaysia,20g,HALAL & BPOM,20g x 8 Pcs x 6 Bags x 4 Boxes | 160g | 0.034 m³/Ctn
99,Mini 1 More,snack,Win2,assets/logobrands/win2.jpg,assets/images/products/win2/mini-1-more90gr.png,-,Malaysia,90g,HALAL & BPOM,90g x 36 Bags | 0.034 m³/Ctn
100,Crunchy Stick Double Chocolate Flavor,snack,Win2,assets/logobrands/win2.jpg,assets/images/products/win2/crunchy-stick-double-chocolate-flavor40gr.png,-,Malaysia,40g,HALAL & BPOM,40g x 10 Cups x 8 Boxes | 0.058 m³/Ctn
101,Crunchy Stick Chocolate & Vannila Flavor,snack,Win2,assets/logobrands/win2.jpg,assets/images/products/win2/crunchy-stick-chocolate-vannila-flavor40gr.png,-,Malaysia,40g,HALAL & BPOM,40g x 10 Cups x 8 Boxes | 0.058 m³/Ctn
102,Crunchy Stick Chocolate & Strawberry Flavor,snack,Win2,assets/logobrands/win2.jpg,assets/images/products/win2/crunchy-stick-chocolate-strawberry-flavor40gr.png,-,Malaysia,40g,HALAL & BPOM,40g x 10 Cups x 8 Boxes | 0.058 m³/Ctn
103,Honey Mustard Croutons,snack,Win2,assets/logobrands/win2.jpg,assets/images/products/win2/honey-mustard-croutons30gr.png,-,Malaysia,30g,HALAL & BPOM,30g x 12 Pcs x 8 Boxes | 0.054 m³/Ctn
104,Margarine Sugar Croutons,snack,Win2,assets/logobrands/win2.jpg,assets/images/products/win2/margarine-sugar-croutons30gr.png,-,Malaysia,30g,HALAL & BPOM,30g x 12 Pcs x 8 Boxes | 0.054 m³/Ctn
105,Garlic Butte Croutons,snack,Win2,assets/logobrands/win2.jpg,assets/images/products/win2/garlic-butte-croutons30gr.png,-,Malaysia,30g,HALAL & BPOM,30g x 12 Pcs x 8 Boxes | 0.054 m³/Ctn
106,Honey Mustard Croutons,snack,Win2,assets/logobrands/win2.jpg,assets/images/products/win2/honey-mustard-croutons100gr.png,-,Malaysia,100g,HALAL & BPOM,100g x 24 Pcs x 8 Boxes | 0.023 m³/Ctn
107,Margarine Sugar Croutons,snack,Win2,assets/logobrands/win2.jpg,assets/images/products/win2/margarine-sugar-croutons100gr.png,-,Malaysia,100g,HALAL & BPOM,100g x 24 Pcs x 8 Boxes | 0.023 m³/Ctn
108,Garlic Butte Croutons,snack,Win2,assets/logobrands/win2.jpg,assets/images/products/win2/garlic-butte-croutons100gr.png,-,Malaysia,100g,HALAL & BPOM,100g x 24 Pcs x 8 Boxes | 0.023 m³/Ctn
109,White Curry Mee,noodle,Ibu Mie,assets/logobrands/ibumie.jpg,assets/images/products/ibu-mie/white-curry-mee105gr.png,-,Malaysia,105g,HALAL & BPOM,105g x 4 Pcs x 12 Bags (1Bag : 4 Pcs) | 0.023 m³/Ctn
110,Harmee,noodle,Ibu Mie,assets/logobrands/ibumie.jpg,assets/images/products/ibu-mie/harmee85gr.png,-,Malaysia,85g,HALAL & BPOM,85g x 5 Pcs x 12 Bags (1Bag : 5 Pcs) | 0.0251 m³/Ctn
111,VegeMee,noodle,Ibu Mie,assets/logobrands/ibumie.jpg,assets/images/products/ibu-mie/vegemee85gr.png,-,Malaysia,85g,HALAL & BPOM,80g x 5 Pcs x 12 Bags (1Bag : 5 Pcs) | 0.023 m³/Ctn
112,Sambal Udang Mee,noodle,Ibu Mie,assets/logobrands/ibumie.jpg,assets/images/products/ibu-mie/sambal-udang-mee85gr.png,-,Malaysia,85g,HALAL & BPOM,80g x 5 Pcs x 12 Bags (1Bag : 5 Pcs) | 0.024 m³/Ctn
113,Curry Kapitan Flavor,noodle,Ibu Mie,assets/logobrands/ibumie.jpg,assets/images/products/ibu-mie/curry-kapitan-flavor85gr.png,-,Malaysia,85g,HALAL & BPOM,80g x 5 Pcs x 12 Bags (1Bag : 5 Pcs) | 0.024 m³/Ctn
114,Dry Base Instant Noodle,noodle,Telly,assets/logobrands/telly.jpg,assets/images/products/telly/dry-base-instant-noodle85gr.png,-,Malaysia,85g,HALAL & BPOM,80g x 5 Pcs x 8 Bags (1Bag : 5 Pcs) | 0.018 m³/Ctn
115,Telly Vegetarian Instant Noodle,noodle,Telly,assets/logobrands/telly.jpg,assets/images/products/telly/telly-vegetarian-instant-noodle85gr.png,-,Malaysia,85g,HALAL & BPOM,80g x 5 Pcs x 8 Bags (1Bag : 5 Pcs) | 0.018 m³/Ctn
116,Hot Pepper Instant Noodle,noodle,Telly,assets/logobrands/telly.jpg,assets/images/products/telly/hot-pepper-instant-noodle75gr.png,-,Malaysia,75g,HALAL & BPOM,75g x 5 Pcs x 8 Bags (1Bag : 5 Pcs) | 0.018 m³/Ctn
117,Good Vita Natural Oat Cracker,biskuit,A-TASTE,assets/logobrands/a-taste.jpg,assets/images/products/a-taste/good-vita-natural-oat-cracker380gr.png,-,China,380g,HALAL & BPOM,380g x 12 Bags | 1 Carton = 12 Bags | 0.030 m³/Ctn
118,Good Vita Natural Oat Cracker Black Sesame,biskuit,A-TASTE,assets/logobrands/a-taste.jpg,assets/images/products/a-taste/good-vita-natural-oat-cracker-black-sesame380gr.png,-,China,380g,HALAL & BPOM,380g x 12 Bags | 1 Carton = 12 Bags | 0.030 m³/Ctn
119,Good Vita Natural Oat Cracker No Sugar,biskuit,A-TASTE,assets/logobrands/a-taste.jpg,assets/images/products/a-taste/good-vita-natural-oat-cracker-no-sugar380gr.png,-,China,380g,HALAL & BPOM,380g x 12 Bags | 1 Carton = 12 Bags | 0.030 m³/Ctn
120,Sesame Pastry,kue,A-TASTE,assets/logobrands/a-taste.jpg,assets/images/products/a-taste/sesame-pastry260gr.png,-,China,260g,HALAL & BPOM,260g x 12 Bags | 1 Carton = 12 Bags | 0.027 m³/Ctn
121,Almond Pastry,kue,A-TASTE,assets/logobrands/a-taste.jpg,assets/images/products/a-taste/almond-pastry260gr.png,-,China,260g,HALAL & BPOM,260g x 12 Bags | 1 Carton = 12 Bags | 0.027 m³/Ctn
122,Potato Stick Original,biskuit,A-TASTE,assets/logobrands/a-taste.jpg,assets/images/products/a-taste/potato-stick-original170gr.png,-,China,170g,HALAL & BPOM,170g x 18 Bags | 1 Carton = 18 Bags | 0.041 m³/Ctn
123,Potato Stick Seaweed,biskuit,A-TASTE,assets/logobrands/a-taste.jpg,assets/images/products/a-taste/potato-stick-seaweed170gr.png,-,China,170g,HALAL & BPOM,170g x 18 Bags | 1 Carton = 18 Bags | 0.041 m³/Ctn
124,Soda Health Daily Original,biskuit,A-TASTE,assets/logobrands/a-taste.jpg,assets/images/products/a-taste/soda-health-daily-original240gr.png,-,China,240g,HALAL & BPOM,240g x 12 Bags | 1 Carton = 12 Bags | 0.030 m³/Ctn
125,Soda Health Daily Seaweed,biskuit,A-TASTE,assets/logobrands/a-taste.jpg,assets/images/products/a-taste/soda-health-daily-seaweed240gr.png,-,China,240g,HALAL & BPOM,240g x 12 Bags | 1 Carton = 12 Bags | 0.030 m³/Ctn
126,Potato Cracker Tomato,biskuit,A-TASTE,assets/logobrands/a-taste.jpg,assets/images/products/a-taste/potato-cracker-tomato238gr.png,-,China,238g,HALAL & BPOM,238g x 12 Bags | 1 Carton = 12 Bags | 0.030 m³/Ctn
127,Potato Cracker Original,biskuit,A-TASTE,assets/logobrands/a-taste.jpg,assets/images/products/a-taste/potato-cracker-original238gr.png,-,China,238g,HALAL & BPOM,238g x 12 Bags | 1 Carton = 12 Bags | 0.030 m³/Ctn
128,Multi-Grain High Fiber,biskuit,A-TASTE,assets/logobrands/a-taste.jpg,assets/images/products/a-taste/multi-grain-high-fiber160gr.png,-,China,160g,HALAL & BPOM,160g x 24 Bags | 1 Carton = 24 Bags | 0.032 m³/Ctn
129,Multi-Grain Sea Salt Flavor,biskuit,A-TASTE,assets/logobrands/a-taste.jpg,assets/images/products/a-taste/multi-grain-sea-salt-flavor160gr.png,-,China,160g,HALAL & BPOM,160g x 24 Bags | 1 Carton = 24 Bags | 0.032 m³/Ctn
130,Multi-Grain Chia,biskuit,A-TASTE,assets/logobrands/a-taste.jpg,assets/images/products/a-taste/multi-grain-chia160gr.png,-,China,160g,HALAL & BPOM,160g x 24 Bags | 1 Carton = 24 Bags | 0.032 m³/Ctn
131,Instant Noodle Spicy Flavor,snack,HUANG XIAO GU!,assets/logobrands/huang-xiao-gu.jpg,assets/images/products/huang-xiao-gu/instant-noodle-spicy-flavor180gr.png,-,China,180g,HALAL & BPOM,180g x 20 Bags | 0.0635 m³/Ctn
132,Instant Noodle Original,snack,HUANG XIAO GU!,assets/logobrands/huang-xiao-gu.jpg,assets/images/products/huang-xiao-gu/instant-noodle-original180gr.png,-,China,180g,HALAL & BPOM,180g x 20 Bags | 0.0635 m³/Ctn
133,Gummy Candy Assorted,permen,MASTER JH,assets/logobrands/master-jh.jpg,assets/images/products/master-jh/gummy-candy-assorted8gr.png,-,China,8g,HALAL & BPOM,8g x 30 Pcs x 20 Jars | 0.0635 m³/Ctn
134,Orange Soft Candy,permen,MASTER JH,assets/logobrands/master-jh.jpg,assets/images/products/master-jh/orange-soft-candy500gr.png,-,China,500g,HALAL & BPOM,500g | 1 Carton = 24 Bags | 0.0362 m³/Ctn
135,Veggilicious Golden Magnolian Sauce Vegan Chiken,vegelicious,VEGGILICIOUS,assets/logobrands/veggilicious.jpg,assets/images/products/veggilicious/veggilicious-golden-magnolian-sauce-vegan-chiken300gr.png,-,Malaysia,300g,HALAL & BPOM,300g x 30 Boxes | 1 Carton = 30 Boxes | 0.026208 m³/Ctn
136,Veggilicious Kam Heong Braised Mushroom,vegelicious,VEGGILICIOUS,assets/logobrands/veggilicious.jpg,assets/images/products/veggilicious/veggilicious-kam-heong-braised-mushroom300gr.png,-,Malaysia,300g,HALAL & BPOM,300g x 30 Boxes | 1 Carton = 30 Boxes | 0.026208 m³/Ctn
137,Veggilicious Hakka Stewed Vegan Lean Meat,vegelicious,VEGGILICIOUS,assets/logobrands/veggilicious.jpg,assets/images/products/veggilicious/veggilicious-hakka-stewed-vegan-lean-meat300gr.png,-,Malaysia,300g,HALAL & BPOM,300g x 30 Boxes | 1 Carton = 30 Boxes | 0.026208 m³/Ctn
138,Veggilicious Vegan Fish With Assam Sauce,vegelicious,VEGGILICIOUS,assets/logobrands/veggilicious.jpg,assets/images/products/veggilicious/veggilicious-vegan-fish-with-assam-sauce300gr.png,-,Malaysia,300g,HALAL & BPOM,300g x 30 Boxes | 1 Carton = 30 Boxes | 0.026208 m³/Ctn
139,Veggilicious Vegan Curry Rendang Mutton,vegelicious,VEGGILICIOUS,assets/logobrands/veggilicious.jpg,assets/images/products/veggilicious/veggilicious-vegan-curry-rendang-mutton300gr.png,-,Malaysia,300g,HALAL & BPOM,300g x 30 Boxes | 1 Carton = 30 Boxes | 0.026208 m³/Ctn
140,Veggilicious Sasame Oil Lion's Mane Mushroom,vegelicious,VEGGILICIOUS,assets/logobrands/veggilicious.jpg,assets/images/products/veggilicious/veggilicious-sasame-oil-lions-mane-mushroom300gr.png,-,Malaysia,300g,HALAL & BPOM,300g x 30 Boxes | 1 Carton = 30 Boxes | 0.026208 m³/Ctn
141,Veggilicious Vegan Fish With Tomato Sauce,vegelicious,VEGGILICIOUS,assets/logobrands/veggilicious.jpg,assets/images/products/veggilicious/veggilicious-vegan-fish-with-tomato-sauce300gr.png,-,Malaysia,300g,HALAL & BPOM,300g x 30 Boxes | 1 Carton = 30 Boxes | 0.026208 m³/Ctn
142,Veggilicious Vegan Black Vinegar Trotter,vegelicious,VEGGILICIOUS,assets/logobrands/veggilicious.jpg,assets/images/products/veggilicious/veggilicious-vegan-black-vinegar-trotter300gr.png,-,Malaysia,300g,HALAL & BPOM,300g x 30 Boxes | 1 Carton = 30 Boxes | 0.026208 m³/Ctn
143,Veggilicious  Mala Spicy Lotus Root Vegan Konjac,vegelicious,VEGGILICIOUS,assets/logobrands/veggilicious.jpg,assets/images/products/veggilicious/veggilicious-mala-spicy-lotus-root-vegan-konjac300gr.png,-,Malaysia,300g,HALAL & BPOM,300g x 30 Boxes | 1 Carton = 30 Boxes | 0.026208 m³/Ctn
144,Veggilicious Traditional Vegan Baak Kut The,vegelicious,VEGGILICIOUS,assets/logobrands/veggilicious.jpg,assets/images/products/veggilicious/veggilicious-traditional-vegan-baak-kut-the300gr.png,-,Malaysia,300g,HALAL & BPOM,300g x 30 Boxes | 1 Carton = 30 Boxes | 0.026208 m³/Ctn
145,Veggilicious Bentong Ginger Lion's Mane Mushroom,vegelicious,VEGGILICIOUS,assets/logobrands/veggilicious.jpg,assets/images/products/veggilicious/veggilicious-bentong-ginger-lions-mane-mushroom300gr.png,-,Malaysia,300g,HALAL & BPOM,300g x 30 Boxes | 1 Carton = 30 Boxes | 0.026208 m³/Ctn
146,Veggilicious Vegan Kung Pao Chiken,vegelicious,VEGGILICIOUS,assets/logobrands/veggilicious.jpg,assets/images/products/veggilicious/veggilicious-vegan-kung-pao-chiken300gr.png,-,Malaysia,300g,HALAL & BPOM,300g x 30 Boxes | 1 Carton = 30 Boxes | 0.026208 m³/Ctn
147,Veggilicious Heritage Vegan Curry Chicken,vegelicious,VEGGILICIOUS,assets/logobrands/veggilicious.jpg,assets/images/products/veggilicious/veggilicious-heritage-vegan-curry-chicken300gr.png,-,Malaysia,300g,HALAL & BPOM,300g x 30 Boxes | 1 Carton = 30 Boxes | 0.026208 m³/Ctn
148,Weikesu Cheese Flavor,snack,VETRUE,assets/logobrands/vetrue.jpg,assets/images/products/vetrue/weikesu-cheese-flavor66gr.png,-,Taiwan,66g,HALAL & BPOM,66g x 24 Boxes | 1 Carton = 24 Boxes | 0.0225 m³/Ctn
149,Waikesu Durian Flavor,snack,VETRUE,assets/logobrands/vetrue.jpg,assets/images/products/vetrue/waikesu-durian-flavor66gr.png,-,Taiwan,66g,HALAL & BPOM,66g x 24 Boxes | 1 Carton = 24 Boxes | 0.0225 m³/Ctn
150,Waikesu Strawberry Flavor,snack,VETRUE,assets/logobrands/vetrue.jpg,assets/images/products/vetrue/waikesu-strawberry-flavor66gr.png,-,Taiwan,66g,HALAL & BPOM,66g x 24 Boxes | 1 Carton = 24 Boxes | 0.0225 m³/Ctn
151,Taiwan Rice Craker Salted Egg Yolk,snack,VETRUE,assets/logobrands/vetrue.jpg,assets/images/products/vetrue/taiwan-rice-craker-salted-egg-yolk116gr.png,-,Taiwan,116g,HALAL & BPOM,116g x 24 Boxes | 1 Carton = 24 Boxes | 0.0510 m³/Ctn
152,Taiwan Rice Craker Salted Cheese Flavor,snack,VETRUE,assets/logobrands/vetrue.jpg,assets/images/products/vetrue/taiwan-rice-craker-salted-cheese-flavor116gr.png,-,Taiwan,116g,HALAL & BPOM,116g x 24 Bags | 1 Carton = 24 Bags | 0.0510 m³/Ctn
153,Rice Cracker Japanese Salted Egg Yolk Flavor,snack,VETRUE,assets/logobrands/vetrue.jpg,assets/images/products/vetrue/rice-cracker-japanese-salted-egg-yolk-flavor300gr.png,-,Taiwan,300g,HALAL & BPOM,300g x 12 Bags | 1 Carton = 12 Bags | 0.0510 m³/Ctn
154,Rice Cracker Japanese Vegetable Flavor,snack,VETRUE,assets/logobrands/vetrue.jpg,assets/images/products/vetrue/rice-cracker-japanese-vegetable-flavor300gr.png,-,Taiwan,300g,HALAL & BPOM,300g x 12 Bags | 1 Carton = 12 Bags | 0.0510 m³/Ctn
155,Rice Cracker Japanese Spicy Crayfish Flavor,snack,VETRUE,assets/logobrands/vetrue.jpg,assets/images/products/vetrue/rice-cracker-japanese-spicy-crayfish-flavor300gr.png,-,Taiwan,300g,HALAL & BPOM,300g x 12 Bags | 1 Carton = 12 Bags | 0.0510 m³/Ctn
156,Taiwan Rice Crackers Egg Yolk Flavor,snack,VETRUE,assets/logobrands/vetrue.jpg,assets/images/products/vetrue/taiwan-rice-crackers-egg-yolk-flavor320gr.png,-,Taiwan,320g,HALAL & BPOM,320g x 12 Bags | 1 Carton = 12 Bags | 0.0318 m³/Ctn
157,Taiwan Rice Crackers Cheese Flavor,snack,VETRUE,assets/logobrands/vetrue.jpg,assets/images/products/vetrue/taiwan-rice-crackers-cheese-flavor320gr.png,-,Taiwan,320g,HALAL & BPOM,320g x 12 Bags | 1 Carton = 12 Bags | 0.0318 m³/Ctn
158,Rice Cake Vegetable Flavor,snack,VETRUE,assets/logobrands/vetrue.jpg,assets/images/products/vetrue/rice-cake-vegetable-flavor65gr.png,-,Taiwan,65g,HALAL & BPOM,65g x 36 Bags | 1 Carton = 36 Bags | 0.0410 m³/Ctn
159,Rice Cake Egg Yolk Flavor,snack,VETRUE,assets/logobrands/vetrue.jpg,assets/images/products/vetrue/rice-cake-egg-yolk-flavor65gr.png,-,Taiwan,65g,HALAL & BPOM,65g x 36 Bags | 1 Carton = 36 Bags | 0.0410 m³/Ctn
160,Rice Cake Cheese Flavor,snack,VETRUE,assets/logobrands/vetrue.jpg,assets/images/products/vetrue/rice-cake-cheese-flavor65gr.png,-,Taiwan,65g,HALAL & BPOM,65g x 36 Bags | 1 Carton = 36 Bags | 0.0410 m³/Ctn
161,Rice Crackers Cheese Flavor,snack,VETRUE,assets/logobrands/vetrue.jpg,assets/images/products/vetrue/rice-crackers-cheese-flavor220gr.png,-,Taiwan,220g,HALAL & BPOM,220g x 16 Bags | 1 Carton = 16 Bags | 0.0430 m³/Ctn
162,Rice Crackers Salted Egg Flavor,snack,VETRUE,assets/logobrands/vetrue.jpg,assets/images/products/vetrue/rice-crackers-salted-egg-flavor220gr.png,-,Taiwan,220g,HALAL & BPOM,220g x 16 Bags | 1 Carton = 16 Bags | 0.0430 m³/Ctn
163,Rice Crackers Vegetable Flavor,snack,VETRUE,assets/logobrands/vetrue.jpg,assets/images/products/vetrue/rice-crackers-vegetable-flavor220gr.png,-,Taiwan,220g,HALAL & BPOM,220g x 16 Bags | 1 Carton = 16 Bags | 0.0430 m³/Ctn
164,Snow Cracker Original Flavor,snack,VETRUE,assets/logobrands/vetrue.jpg,assets/images/products/vetrue/snow-cracker-original-flavor115gr.png,-,Taiwan,115g,HALAL & BPOM,115g x 24 Bags | 1 Carton = 24 Bags | 0.0617 m³/Ctn
165,Rice Cracker Original Flavor,snack,VETRUE,assets/logobrands/vetrue.jpg,assets/images/products/vetrue/rice-cracker-original-flavor108gr.png,-,Taiwan,108g,HALAL & BPOM,108g x 24 Bags | 1 Carton = 24 Bags | 0.0570 m³/Ctn
166,Rice Cracker Seaweed Flavor,snack,VETRUE,assets/logobrands/vetrue.jpg,assets/images/products/vetrue/rice-cracker-seaweed-flavor108gr.png,-,Taiwan,108g,HALAL & BPOM,108g x 24 Bags | 1 Carton = 24 Bags | 0.0570 m³/Ctn
167,Rice Cracker Cheese Flavor,snack,VETRUE,assets/logobrands/vetrue.jpg,assets/images/products/vetrue/rice-cracker-cheese-flavor108gr.png,-,Taiwan,108g,HALAL & BPOM,108g x 24 Bags | 1 Carton = 24 Bags | 0.0570 m³/Ctn
168,Roasted Seaweed Stick Original Flavor (Box),condiments,TAWANDANG,assets/logobrands/tawandang.jpg,assets/images/products/tawandang/roasted-seaweed-stick-original-flavor-box2.5gr.png,-,Thailand,2.5g,HALAL & BPOM,2.5g x 9 Pcs | 1 Carton = 12 Boxes | 0.033 m³/Ctn
169,Roasted Seaweed Stick Hot Spicy (Box),condiments,TAWANDANG,assets/logobrands/tawandang.jpg,assets/images/products/tawandang/roasted-seaweed-stick-hot-spicy-box2.5gr.png,-,Thailand,2.5g,HALAL & BPOM,2.5g x 9 Pcs | 1 Carton = 12 Boxes | 0.033 m³/Ctn
170,Roasted Seaweed Stick Grilled Squid(Box),condiments,TAWANDANG,assets/logobrands/tawandang.jpg,assets/images/products/tawandang/roasted-seaweed-stick-grilled-squidbox2.5gr.png,-,Thailand,2.5g,HALAL & BPOM,2.5g x 9 Pcs | 1 Carton = 12 Boxes | 0.033 m³/Ctn
171,Roasted Seaweed Sheet Original Flavor,condiments,TAWANDANG,assets/logobrands/tawandang.jpg,assets/images/products/tawandang/roasted-seaweed-sheet-original-flavor6gr.png,-,Thailand,6g,HALAL & BPOM,6g x 9 Pcs | 1 Carton = 36 Bags | 0.033 m³/Ctn
172,Roasted Seaweed Sheet Hot Spicy,condiments,TAWANDANG,assets/logobrands/tawandang.jpg,assets/images/products/tawandang/roasted-seaweed-sheet-hot-spicy6gr.png,-,Thailand,6g,HALAL & BPOM,6g x 9 Pcs | 1 Carton = 36 Bags | 0.033 m³/Ctn
173,Roasted Seaweed Sheet Grilled Squid,condiments,TAWANDANG,assets/logobrands/tawandang.jpg,assets/images/products/tawandang/roasted-seaweed-sheet-grilled-squid6gr.png,-,Thailand,6g,HALAL & BPOM,6g x 9 Pcs | 1 Carton = 36 Bags | 0.033 m³/Ctn
174,Roasted Seaweed Stick Original Flavor (Super Pack),condiments,TAWANDANG,assets/logobrands/tawandang.jpg,assets/images/products/tawandang/roasted-seaweed-stick-original-flavor-super-pack16gr.png,-,Thailand,16g,HALAL & BPOM,16g x 9 Pcs | 1 Carton = 36 Bags | 0.055 m³/Ctn
175,Roasted Seaweed Sheet Original Flavor (Super Pack),condiments,TAWANDANG,assets/logobrands/tawandang.jpg,assets/images/products/tawandang/roasted-seaweed-sheet-original-flavor-super-pack16gr.png,-,Thailand,16g,HALAL & BPOM,16g x 9 Pcs | 1 Carton = 36 Bags | 0.055 m³/Ctn
176,Super Pack Seafood Flavour With Sweet Chilli Sauce,condiments,TAWANDANG,assets/logobrands/tawandang.jpg,assets/images/products/tawandang/super-pack-seafood-flavour-with-sweet-chilli-sauce20gr.png,-,Thailand,20g,HALAL & BPOM,20g x 6 Pcs x 6 Bags | 0.0576 m³/Ctn
177,Super Pack Original Flavour With Sweet Chilli Sauce,condiments,TAWANDANG,assets/logobrands/tawandang.jpg,assets/images/products/tawandang/super-pack-original-flavour-with-sweet-chilli-sauce20gr.png,-,Thailand,20g,HALAL & BPOM,20g x 6 Pcs x 6 Bags | 0.0576 m³/Ctn
178,Travel Set Crispy Seaweed With Sweet Chili Sauce,condiments,TAWANDANG,assets/logobrands/tawandang.jpg,assets/images/products/tawandang/travel-set-crispy-seaweed-with-sweet-chili-sauce20gr.png,-,Thailand,20g,HALAL & BPOM,20g x 4 Packs x 6 Bags | 0.0609 m³/Ctn
179,Hokaido Fruits Juice Yogurt Flavor,minuman,MIKKU,assets/logobrands/mikku.jpg,assets/images/products/mikku/hokaido-fruits-juice-yogurt-flavor300mlgr.png,-,Thailand,300 ml,HALAL & BPOM,300 ml x 6 Bottle x 8 Packs | 1 Carton = 48 Packs |  0.032 m³/Ctn
180,Hokaido Fruits Juice Melon Flavor,minuman,MIKKU,assets/logobrands/mikku.jpg,assets/images/products/mikku/hokaido-fruits-juice-melon-flavor300mlgr.png,-,Thailand,300 ml,HALAL & BPOM,300 ml x 6 Bottle x 8 Packs | 1 Carton = 48 Packs |  0.032 m³/Ctn
181,Hokaido Fruits Juice Strawberry Flavor,minuman,MIKKU,assets/logobrands/mikku.jpg,assets/images/products/mikku/hokaido-fruits-juice-strawberry-flavor300mlgr.png,-,Thailand,300 ml,HALAL & BPOM,300 ml x 6 Bottle x 8 Packs | 1 Carton = 48 Packs |  0.032 m³/Ctn
182,Hokaido Fruits Juice Blueberry Flavor,minuman,MIKKU,assets/logobrands/mikku.jpg,assets/images/products/mikku/hokaido-fruits-juice-blueberry-flavor300mlgr.png,-,Thailand,300 ml,HALAL & BPOM,300 ml x 6 Bottle x 8 Packs | 1 Carton = 48 Packs |  0.032 m³/Ctn
183,Hokaido Fruits Juice White Grape Juice Flavoured Original,minuman,MIKKU,assets/logobrands/mikku.jpg,assets/images/products/mikku/hokaido-fruits-juice-white-grape-juice-flavoured-original100mlgr.png,-,Thailand,100 ml,HALAL & BPOM,100 ml x 5 Bottle x 22 Packs | 1 Carton = 22 Packs | 0.023 m³/Ctn
184,XiDuoDong Fruit Flavored Yogurt Old Yogurt Flavored,minuman,XIDUODONG,assets/logobrands/xiduodong.jpg,assets/images/products/xiduodong/xiduodong-fruit-flavored-yogurt-old-yogurt-flavored50gr.png,-,China,50,HALAL & BPOM,50 ml x 20 Bottle x 16 Packs | 0.036 m³/Ctn
185,XiDuoDong Fruit Flavored Yogurt Strawberry Yogurt Flavored,minuman,XIDUODONG,assets/logobrands/xiduodong.jpg,assets/images/products/xiduodong/xiduodong-fruit-flavored-yogurt-strawberry-yogurt-flavored50gr.png,-,China,50,HALAL & BPOM,50 ml x 20 Bottle x 16 Packs | 0.036 m³/Ctn
186,XiDuoDong Fruit Flavored Yogurt Grape Yogurt Flavored,minuman,XIDUODONG,assets/logobrands/xiduodong.jpg,assets/images/products/xiduodong/xiduodong-fruit-flavored-yogurt-grape-yogurt-flavored50gr.png,-,China,50,HALAL & BPOM,50 ml x 20 Bottle x 16 Packs | 0.036 m³/Ctn
187,XiDuoDong Fruit Flavored Yogurt Pineapple Flavored,minuman,XIDUODONG,assets/logobrands/xiduodong.jpg,assets/images/products/xiduodong/xiduodong-fruit-flavored-yogurt-pineapple-flavored50gr.png,-,China,50,HALAL & BPOM,50 ml x 20 Bottle x 16 Packs | 0.036 m³/Ctn
188,Cheese Pudding,pudding,SWECCO,assets/logobrands/swecco.jpg,assets/images/products/swecco/cheese-pudding108gr.png,-,China,108g,HALAL & BPOM,108g x 1 Cups |1 Carton = 96 Cups | 0.0239 m³/Ctn
189,Cheese Pudding 3 Cups,pudding,SWECCO,assets/logobrands/swecco.jpg,assets/images/products/swecco/cheese-pudding-3-cups80gr.png,-,Malaysia,80g,HALAL & BPOM,80g x 3 Cups x 40 Packs | 1 Carton = 40 Packs | 0.0270 m³/Ctn
190,Yogurt Pudding Original Flavour 3 Cups,pudding,SWECCO,assets/logobrands/swecco.jpg,assets/images/products/swecco/yogurt-pudding-original-flavour-3-cups80gr.png,-,Malaysia,80g,HALAL & BPOM,80g x 3 Cups x 40 Packs | 1 Carton = 40 Packs | 0.026961 m³/Ctn
191,Yogurt Pudding Strawberry Flavour 3 Cups,pudding,SWECCO,assets/logobrands/swecco.jpg,assets/images/products/swecco/yogurt-pudding-strawberry-flavour-3-cups80gr.png,-,Malaysia,80g,HALAL & BPOM,80g x 3 Cups x 40 Packs | 1 Carton = 40 Packs | 0.026961 m³/Ctn
192,Yogurt Pudding Mango Flavour 3 Cups,pudding,SWECCO,assets/logobrands/swecco.jpg,assets/images/products/swecco/yogurt-pudding-mango-flavour-3-cups80gr.png,-,Malaysia,80g,HALAL & BPOM,80g x 3 Cups x 40 Packs | 1 Carton = 40 Packs | 0.026961 m³/Ctn
193,Yogurt Pudding Lychee Flavour 3 Cups,pudding,SWECCO,assets/logobrands/swecco.jpg,assets/images/products/swecco/yogurt-pudding-lychee-flavour-3-cups80gr.png,-,Malaysia,80g,HALAL & BPOM,80g x 3 Cups x 40 Packs | 1 Carton = 40 Packs | 0.026961 m³/Ctn
194,Yogurt Pudding Lychee Flavour 6 Cups,pudding,SWECCO,assets/logobrands/swecco.jpg,assets/images/products/swecco/yogurt-pudding-lychee-flavour-6-cups80gr.png,-,Malaysia,80g,HALAL & BPOM,80g x 6 Cups x 20 Packs | 1 Carton = 40 Packs | 0.0262612 m³/Ctn
195,Yogurt Pudding Strawberry Flavour 6 Cups,pudding,SWECCO,assets/logobrands/swecco.jpg,assets/images/products/swecco/yogurt-pudding-strawberry-flavour-6-cups80gr.png,-,Malaysia,80g,HALAL & BPOM,80g x 6 Cups x 20 Packs | 1 Carton = 40 Packs | 0.0262612 m³/Ctn
196,Yogurt Pudding Original Flavour Box (25 Cups),pudding,SWECCO,assets/logobrands/swecco.jpg,assets/images/products/swecco/yogurt-pudding-original-flavour-box-25-cups15gr.png,-,Malaysia,15g,HALAL & BPOM,15g x 25 Pcs x 24 Packs | 1 Carton = 24 Packs | 0.035708 m³/Ctn
197,Yogurt Pudding Mango Flavour Box (25 Cups),pudding,SWECCO,assets/logobrands/swecco.jpg,assets/images/products/swecco/yogurt-pudding-mango-flavour-box-25-cups15gr.png,-,Malaysia,15g,HALAL & BPOM,15g x 25 Pcs x 24 Packs | 1 Carton = 24 Packs | 0.035708 m³/Ctn
198,Yogurt Pudding Lychee Flavour Box (25 Cups),pudding,SWECCO,assets/logobrands/swecco.jpg,assets/images/products/swecco/yogurt-pudding-lychee-flavour-box-25-cups15gr.png,-,Malaysia,15g,HALAL & BPOM,15g x 25 Pcs x 24 Packs | 1 Carton = 24 Packs | 0.035708 m³/Ctn
199,Yogurt Pudding Strawberry Flavour Box (25 Cups),pudding,SWECCO,assets/logobrands/swecco.jpg,assets/images/products/swecco/yogurt-pudding-strawberry-flavour-box-25-cups15gr.png,-,Malaysia,15g,HALAL & BPOM,15g x 25 Pcs x 24 Packs | 1 Carton = 24 Packs | 0.035708 m³/Ctn
200,Strawberry Pudding With Nata de Coco (6 Cups),pudding,SWECCO,assets/logobrands/swecco.jpg,assets/images/products/swecco/strawberry-pudding-with-nata-de-coco-6-cups80gr.png,-,Malaysia,80g,HALAL & BPOM,80g x 6 Cups x 20 Packs | 1 Carton = 24 Packs | 0.0263 m³/Ctn
201,Honeymelon Pudding With Nata de Coco  (6 Cups),pudding,SWECCO,assets/logobrands/swecco.jpg,assets/images/products/swecco/honeymelon-pudding-with-nata-de-coco-6-cups80gr.png,-,Malaysia,80g,HALAL & BPOM,80g x 6 Cups x 20 Packs | 1 Carton = 24 Packs | 0.0263 m³/Ctn
202,Mango Pudding With Nata de Coco  (6 Cups),pudding,SWECCO,assets/logobrands/swecco.jpg,assets/images/products/swecco/mango-pudding-with-nata-de-coco-6-cups80gr.png,-,Malaysia,80g,HALAL & BPOM,80g x 6 Cups x 20 Packs | 1 Carton = 24 Packs | 0.0263 m³/Ctn
203,Mix 3 Cups Pudding (Lychee. Mango. Strawberry),pudding,SWECCO,assets/logobrands/swecco.jpg,assets/images/products/swecco/mix-3-cups-pudding-lychee-mango-strawberry80gr.png,-,Malaysia,80g,HALAL & BPOM,80g x 3 Cups x 40 Packs | 1 Carton = 40 Packs | 0.0270 m³/Ctn
204,Mix 6 Cups Pudding (Lychee. Mango. Strawberry),pudding,SWECCO,assets/logobrands/swecco.jpg,assets/images/products/swecco/mix-6-cups-pudding-lychee-mango-strawberry80gr.png,-,Malaysia,80g,HALAL & BPOM,80g x 6 Cups x 20 Packs | 1 Carton = 24 Packs | 0.0263 m³/Ctn
205,Black Tea Flavor Candy (Box),permen,KISS DELICIAS,assets/logobrands/kiss-delicias.jpg,assets/images/products/kiss-delicias/black-tea-flavor-candy-box18gr.png,-,China,18g,HALAL & BPOM,18g x 10 Pcs x 16 Packs | 0.0218 m³/Ctn
206,Oolong Tea Flavor (Box),permen,KISS DELICIAS,assets/logobrands/kiss-delicias.jpg,assets/images/products/kiss-delicias/oolong-tea-flavor-box18gr.png,-,China,18g,HALAL & BPOM,18g x 10 Pcs x 16 Packs | 0.0218 m³/Ctn
207,Black Tea Flavor Candy (Bags),permen,KISS DELICIAS,assets/logobrands/kiss-delicias.jpg,assets/images/products/kiss-delicias/black-tea-flavor-candy-bags60gr.png,-,China,60g,HALAL & BPOM,60g x 36  Bags | 0.0216 m³/Ctn
208,Oolong Tea Flavor (Bags),permen,KISS DELICIAS,assets/logobrands/kiss-delicias.jpg,assets/images/products/kiss-delicias/oolong-tea-flavor-bags60gr.png,-,China,60g,HALAL & BPOM,60g x 36  Bags | 0.0216 m³/Ctn
209,Ming Ji Tang Gingseng Candy Lime Flavor,permen,KISS DELICIAS,assets/logobrands/kiss-delicias.jpg,assets/images/products/kiss-delicias/ming-ji-tang-gingseng-candy-lime-flavor40gr.png,-,China,40g,HALAL & BPOM,40g x 36  Boxes | 0.0226 m³/Ctn
210,Ming Ji Tang Gingseng Candy Original Flavor,permen,KISS DELICIAS,assets/logobrands/kiss-delicias.jpg,assets/images/products/kiss-delicias/ming-ji-tang-gingseng-candy-original-flavor40gr.png,-,China,40g,HALAL & BPOM,40g x 36  Boxes | 0.0226 m³/Ctn
211,Ming Ji Tang Gingseng Candy Jasmine Flavor,permen,KISS DELICIAS,assets/logobrands/kiss-delicias.jpg,assets/images/products/kiss-delicias/ming-ji-tang-gingseng-candy-jasmine-flavor40gr.png,-,China,40g,HALAL & BPOM,40g x 36  Boxes | 0.0226 m³/Ctn
212,Spray Candy Lime Flavor,permen,KISS DELICIAS,assets/logobrands/kiss-delicias.jpg,assets/images/products/kiss-delicias/spray-candy-lime-flavor18mlgr.png,-,China,18ml,HALAL & BPOM,18ml x 8 Pcs x 6 Boxes |  0.0074 m³/Ctn
213,Spray Candy Peach Flavor,permen,KISS DELICIAS,assets/logobrands/kiss-delicias.jpg,assets/images/products/kiss-delicias/spray-candy-peach-flavor18mlgr.png,-,China,18ml,HALAL & BPOM,18ml x 8 Pcs x 6 Boxes |  0.0074 m³/Ctn
214,Spray Candy Passion Fruit Flavor,permen,KISS DELICIAS,assets/logobrands/kiss-delicias.jpg,assets/images/products/kiss-delicias/spray-candy-passion-fruit-flavor18mlgr.png,-,China,18ml,HALAL & BPOM,18ml x 8 Pcs x 6 Boxes |  0.0074 m³/Ctn
215,Juicy Gummy Green Grape Flavor,permen,KISS DELICIAS,assets/logobrands/kiss-delicias.jpg,assets/images/products/kiss-delicias/juicy-gummy-green-grape-flavor50gr.png,-,China,50g,HALAL & BPOM,50g x 36 Boxes | 0.018 m³/Ctn
216,Juicy Gummy Strawberry Flavor,permen,KISS DELICIAS,assets/logobrands/kiss-delicias.jpg,assets/images/products/kiss-delicias/juicy-gummy-strawberry-flavor50gr.png,-,China,50g,HALAL & BPOM,50g x 36 Boxes | 0.018 m³/Ctn
217,Juicy Gummy Peach Flavor,permen,KISS DELICIAS,assets/logobrands/kiss-delicias.jpg,assets/images/products/kiss-delicias/juicy-gummy-peach-flavor50gr.png,-,China,50g,HALAL & BPOM,50g x 36 Boxes | 0.018 m³/Ctn
218,Juicy Gummy Passion Fruit Flavor,permen,KISS DELICIAS,assets/logobrands/kiss-delicias.jpg,assets/images/products/kiss-delicias/juicy-gummy-passion-fruit-flavor50gr.png,-,China,50g,HALAL & BPOM,50g x 36 Boxes | 0.018 m³/Ctn
219,Fruit Candy Mix Fruit Flavor,permen,KISS DELICIAS,assets/logobrands/kiss-delicias.jpg,assets/images/products/kiss-delicias/fruit-candy-mix-fruit-flavor60gr.png,-,China,60g,HALAL & BPOM,60g x 6 Pcs x 6 Boxes | 0.0103 m³/Ctn
220,Fruit Candy Pear Flavor,permen,KISS DELICIAS,assets/logobrands/kiss-delicias.jpg,assets/images/products/kiss-delicias/fruit-candy-pear-flavor60gr.png,-,China,60g,HALAL & BPOM,60g x 6 Pcs x 6 Boxes | 0.0103 m³/Ctn
221,Fruit Candy Peach Fruit Flavor,permen,KISS DELICIAS,assets/logobrands/kiss-delicias.jpg,assets/images/products/kiss-delicias/fruit-candy-peach-fruit-flavor60gr.png,-,China,60g,HALAL & BPOM,60g x 6 Pcs x 6 Boxes | 0.0103 m³/Ctn
222,Fruit Candy Passion Fruit Flavor,permen,KISS DELICIAS,assets/logobrands/kiss-delicias.jpg,assets/images/products/kiss-delicias/fruit-candy-passion-fruit-flavor60gr.png,-,China,60g,HALAL & BPOM,60g x 6 Pcs x 6 Boxes | 0.0103 m³/Ctn
223,Sugar Free Mint Candy Lemon Flavor 16g,permen,YAMAMOTO KAWAHIRO,assets/logobrands/yamamoto-kawahiro.jpg,assets/images/products/yamamoto-kawahiro/sugar-free-mint-candy-lemon-flavor-16g16gr.png,-,China,16g,HALAL & BPOM,16g x 12 Pcs x 6 Boxes | 0.0066 m³/Ctn
224,Sugar Free Mint Candy Peach Flavor 16g,permen,YAMAMOTO KAWAHIRO,assets/logobrands/yamamoto-kawahiro.jpg,assets/images/products/yamamoto-kawahiro/sugar-free-mint-candy-peach-flavor-16g16gr.png,-,China,16g,HALAL & BPOM,16g x 12 Pcs x 6 Boxes | 0.0066 m³/Ctn
225,Sugar Free Mint Candy Jasmine Green Grape Flavor 16g,permen,YAMAMOTO KAWAHIRO,assets/logobrands/yamamoto-kawahiro.jpg,assets/images/products/yamamoto-kawahiro/sugar-free-mint-candy-jasmine-green-grape-flavor-16g16gr.png,-,China,16g,HALAL & BPOM,16g x 12 Pcs x 6 Boxes | 0.0066 m³/Ctn
226,Sugar Free Mint Candy Watermelon Flavor 16g,permen,YAMAMOTO KAWAHIRO,assets/logobrands/yamamoto-kawahiro.jpg,assets/images/products/yamamoto-kawahiro/sugar-free-mint-candy-watermelon-flavor-16g16gr.png,-,China,16g,HALAL & BPOM,16g x 12 Pcs x 6 Boxes | 0.0066 m³/Ctn
227,Sugar Free Mint Candy Rose Lychee Flavor 16g,permen,YAMAMOTO KAWAHIRO,assets/logobrands/yamamoto-kawahiro.jpg,assets/images/products/yamamoto-kawahiro/sugar-free-mint-candy-rose-lychee-flavor-16g16gr.png,-,China,16g,HALAL & BPOM,16g x 12 Pcs x 6 Boxes | 0.0066 m³/Ctn
228,Sugar Free Mint Candy Passion Fruit Flavor 16g,permen,YAMAMOTO KAWAHIRO,assets/logobrands/yamamoto-kawahiro.jpg,assets/images/products/yamamoto-kawahiro/sugar-free-mint-candy-passion-fruit-flavor-16g16gr.png,-,China,16g,HALAL & BPOM,16g x 12 Pcs x 6 Boxes | 0.0066 m³/Ctn
229,Sugar Free MintCandy Lemon Flavor 38g,permen,YAMAMOTO KAWAHIRO,assets/logobrands/yamamoto-kawahiro.jpg,assets/images/products/yamamoto-kawahiro/sugar-free-mintcandy-lemon-flavor-38g38gr.png,-,China,38g,HALAL & BPOM,38g x 8 Pcs x 6 Boxes | 0.0099900 m³/Ctn
230,Sugar Free Mint Candy Peach Flavor 38g,permen,YAMAMOTO KAWAHIRO,assets/logobrands/yamamoto-kawahiro.jpg,assets/images/products/yamamoto-kawahiro/sugar-free-mint-candy-peach-flavor-38g38gr.png,-,China,38g,HALAL & BPOM,38g x 8 Pcs x 6 Boxes | 0.0099900 m³/Ctn
231,Sugar Free Mint Candy Jasmine Green Grape Flavor 38g,permen,YAMAMOTO KAWAHIRO,assets/logobrands/yamamoto-kawahiro.jpg,assets/images/products/yamamoto-kawahiro/sugar-free-mint-candy-jasmine-green-grape-flavor-38g38gr.png,-,China,38g,HALAL & BPOM,38g x 8 Pcs x 6 Boxes | 0.0099900 m³/Ctn
232,Sugar Free Mint Candy Watermelon Flavor 38g,permen,YAMAMOTO KAWAHIRO,assets/logobrands/yamamoto-kawahiro.jpg,assets/images/products/yamamoto-kawahiro/sugar-free-mint-candy-watermelon-flavor-38g38gr.png,-,China,38g,HALAL & BPOM,38g x 8 Pcs x 6 Boxes | 0.0099900 m³/Ctn
233,Sugar Free Mint Candy Rose Lychee Flavor 38g,permen,YAMAMOTO KAWAHIRO,assets/logobrands/yamamoto-kawahiro.jpg,assets/images/products/yamamoto-kawahiro/sugar-free-mint-candy-rose-lychee-flavor-38g38gr.png,-,China,38g,HALAL & BPOM,38g x 8 Pcs x 6 Boxes | 0.0099900 m³/Ctn
234,Sugar Free Mint Candy Passion Fruit Flavor 38,permen,YAMAMOTO KAWAHIRO,assets/logobrands/yamamoto-kawahiro.jpg,assets/images/products/yamamoto-kawahiro/sugar-free-mint-candy-passion-fruit-flavor-3838gr.png,-,China,38g,HALAL & BPOM,38g x 8 Pcs x 6 Boxes | 0.0099900 m³/Ctn
235,Petal Mint Candy Osmanthus Honey Flavor,permen,KISS DELICIAS,assets/logobrands/kiss-delicias.jpg,assets/images/products/kiss-delicias/petal-mint-candy-osmanthus-honey-flavor50gr.png,-,China,50g,HALAL & BPOM,50g x 6 Pcs x 6 Boxes | 0.0066 m³/Ctn
236,Petal Mint Candy Jasmine Green Grape Flavor,permen,KISS DELICIAS,assets/logobrands/kiss-delicias.jpg,assets/images/products/kiss-delicias/petal-mint-candy-jasmine-green-grape-flavor50gr.png,-,China,50g,HALAL & BPOM,50g x 6 Pcs x 6 Boxes | 0.0066 m³/Ctn
237,Petal Mint Candy Rose Lychee Flavor,permen,KISS DELICIAS,assets/logobrands/kiss-delicias.jpg,assets/images/products/kiss-delicias/petal-mint-candy-rose-lychee-flavor50gr.png,-,China,50g,HALAL & BPOM,50g x 6 Pcs x 6 Boxes | 0.0066 m³/Ctn
238,Ice Lolly Shaped Lollipop Milk Flavor,permen,KISS DELICIAS,assets/logobrands/kiss-delicias.jpg,assets/images/products/kiss-delicias/ice-lolly-shaped-lollipop-milk-flavor60gr.png,-,China,60g,HALAL & BPOM,60g x 36 Bags | 0.02700 m³/Ctn
239,Ice Lolly Shaped Lollipop Hamimelon Flavor,permen,KISS DELICIAS,assets/logobrands/kiss-delicias.jpg,assets/images/products/kiss-delicias/ice-lolly-shaped-lollipop-hamimelon-flavor60gr.png,-,China,60g,HALAL & BPOM,60g x 36 Bags | 0.02700 m³/Ctn
240,Ice Lolly Shaped Lollipop Strawberry Flavor,permen,KISS DELICIAS,assets/logobrands/kiss-delicias.jpg,assets/images/products/kiss-delicias/ice-lolly-shaped-lollipop-strawberry-flavor60gr.png,-,China,60g,HALAL & BPOM,60g x 36 Bags | 0.02700 m³/Ctn
241,Q-Jin Dried Tofu Barbeque Flavor,snack,HUI XIANG ZHAI ZI,assets/logobrands/hui-xiang-zhai-zi.jpg,assets/images/products/hui-xiang-zhai-zi/q-jin-dried-tofu-barbeque-flavor25gr.png,-,China,25g,HALAL & BPOM,25g x 20 Pcs x 12 Boxes | 0.04 m³/Ctn
242,La Si Dried Tofu Barbeque Flavor,snack,HUI XIANG ZHAI ZI,assets/logobrands/hui-xiang-zhai-zi.jpg,assets/images/products/hui-xiang-zhai-zi/la-si-dried-tofu-barbeque-flavor25gr.png,-,China,25g,HALAL & BPOM,25g x 20 Pcs x 12 Boxes | 0.04 m³/Ctn
243,La Si Dried Tofu Spicy Flavor,snack,HUI XIANG ZHAI ZI,assets/logobrands/hui-xiang-zhai-zi.jpg,assets/images/products/hui-xiang-zhai-zi/la-si-dried-tofu-spicy-flavor25gr.png,-,China,25g,HALAL & BPOM,25g x 20 Pcs x 12 Boxes | 0.04 m³/Ctn
244,La Si Dried Tofu Peppercorn Flavor,snack,HUI XIANG ZHAI ZI,assets/logobrands/hui-xiang-zhai-zi.jpg,assets/images/products/hui-xiang-zhai-zi/la-si-dried-tofu-peppercorn-flavor25gr.png,-,China,25g,HALAL & BPOM,25g x 20 Pcs x 12 Boxes | 0.04 m³/Ctn